{"dewarped_focal": 1, "dist_poly": [-0.044636843695927075, -2.3318445118889244, -0.009093617311161777, 0.00046133422394861, -3.242801627556576e-05], "sensor_width": 36.0, "pixel_width": 1}